country,network,first,last,giaddr,o1,o2,o3
SV,10.74.2.0/24,10.74.2.2,10.74.2.254,10.74.2.1,10,74,2
SV,10.74.3.0/24,10.74.3.2,10.74.3.254,10.74.3.1,10,74,3
SV,10.74.4.0/24,10.74.4.2,10.74.4.254,10.74.4.1,10,74,4
SV,10.74.5.0/24,10.74.5.2,10.74.5.254,10.74.5.1,10,74,5
SV,10.74.6.0/24,10.74.6.2,10.74.6.254,10.74.6.1,10,74,6
SV,10.74.7.0/24,10.74.7.2,10.74.7.254,10.74.7.1,10,74,7
SV,10.74.8.0/24,10.74.8.2,10.74.8.254,10.74.8.1,10,74,8
SV,10.74.9.0/24,10.74.9.2,10.74.9.254,10.74.9.1,10,74,9
SV,10.74.10.0/24,10.74.10.2,10.74.10.254,10.74.10.1,10,74,10
SV,10.74.11.0/24,10.74.11.2,10.74.11.254,10.74.11.1,10,74,11
SV,10.74.12.0/24,10.74.12.2,10.74.12.254,10.74.12.1,10,74,12
SV,10.74.13.0/24,10.74.13.2,10.74.13.254,10.74.13.1,10,74,13
SV,10.74.14.0/24,10.74.14.2,10.74.14.254,10.74.14.1,10,74,14
SV,10.74.15.0/24,10.74.15.2,10.74.15.254,10.74.15.1,10,74,15
SV,10.74.16.0/24,10.74.16.2,10.74.16.254,10.74.16.1,10,74,16
SV,10.74.17.0/24,10.74.17.2,10.74.17.254,10.74.17.1,10,74,17
SV,10.74.18.0/24,10.74.18.2,10.74.18.254,10.74.18.1,10,74,18
SV,10.74.19.0/24,10.74.19.2,10.74.19.254,10.74.19.1,10,74,19
SV,10.74.20.0/24,10.74.20.2,10.74.20.254,10.74.20.1,10,74,20
SV,10.74.21.0/24,10.74.21.2,10.74.21.254,10.74.21.1,10,74,21
SV,10.74.22.0/24,10.74.22.2,10.74.22.254,10.74.22.1,10,74,22
SV,10.74.23.0/24,10.74.23.2,10.74.23.254,10.74.23.1,10,74,23
SV,10.74.24.0/24,10.74.24.2,10.74.24.254,10.74.24.1,10,74,24
SV,10.74.25.0/24,10.74.25.2,10.74.25.254,10.74.25.1,10,74,25
SV,10.74.26.0/24,10.74.26.2,10.74.26.254,10.74.26.1,10,74,26
SV,10.74.27.0/24,10.74.27.2,10.74.27.254,10.74.27.1,10,74,27
SV,10.74.28.0/24,10.74.28.2,10.74.28.254,10.74.28.1,10,74,28
SV,10.74.29.0/24,10.74.29.2,10.74.29.254,10.74.29.1,10,74,29
SV,10.74.30.0/24,10.74.30.2,10.74.30.254,10.74.30.1,10,74,30
SV,10.74.31.0/24,10.74.31.2,10.74.31.254,10.74.31.1,10,74,31
SV,10.74.32.0/24,10.74.32.2,10.74.32.254,10.74.32.1,10,74,32
SV,10.74.33.0/24,10.74.33.2,10.74.33.254,10.74.33.1,10,74,33
SV,10.74.34.0/24,10.74.34.2,10.74.34.254,10.74.34.1,10,74,34
SV,10.74.35.0/24,10.74.35.2,10.74.35.254,10.74.35.1,10,74,35
SV,10.74.36.0/24,10.74.36.2,10.74.36.254,10.74.36.1,10,74,36
SV,10.74.37.0/24,10.74.37.2,10.74.37.254,10.74.37.1,10,74,37
SV,10.74.38.0/24,10.74.38.2,10.74.38.254,10.74.38.1,10,74,38
SV,10.74.39.0/24,10.74.39.2,10.74.39.254,10.74.39.1,10,74,39
SV,10.74.40.0/24,10.74.40.2,10.74.40.254,10.74.40.1,10,74,40
SV,10.74.41.0/24,10.74.41.2,10.74.41.254,10.74.41.1,10,74,41
SV,10.74.42.0/24,10.74.42.2,10.74.42.254,10.74.42.1,10,74,42
SV,10.74.43.0/24,10.74.43.2,10.74.43.254,10.74.43.1,10,74,43
SV,10.74.44.0/24,10.74.44.2,10.74.44.254,10.74.44.1,10,74,44
SV,10.74.45.0/24,10.74.45.2,10.74.45.254,10.74.45.1,10,74,45
SV,10.74.46.0/24,10.74.46.2,10.74.46.254,10.74.46.1,10,74,46
SV,10.74.47.0/24,10.74.47.2,10.74.47.254,10.74.47.1,10,74,47
SV,10.74.48.0/24,10.74.48.2,10.74.48.254,10.74.48.1,10,74,48
SV,10.74.49.0/24,10.74.49.2,10.74.49.254,10.74.49.1,10,74,49
SV,10.74.50.0/24,10.74.50.2,10.74.50.254,10.74.50.1,10,74,50
SV,10.74.51.0/24,10.74.51.2,10.74.51.254,10.74.51.1,10,74,51
SV,10.74.52.0/24,10.74.52.2,10.74.52.254,10.74.52.1,10,74,52
SV,10.74.53.0/24,10.74.53.2,10.74.53.254,10.74.53.1,10,74,53
SV,10.74.54.0/24,10.74.54.2,10.74.54.254,10.74.54.1,10,74,54
SV,10.74.55.0/24,10.74.55.2,10.74.55.254,10.74.55.1,10,74,55
SV,10.74.56.0/24,10.74.56.2,10.74.56.254,10.74.56.1,10,74,56
SV,10.74.57.0/24,10.74.57.2,10.74.57.254,10.74.57.1,10,74,57
SV,10.74.58.0/24,10.74.58.2,10.74.58.254,10.74.58.1,10,74,58
SV,10.74.59.0/24,10.74.59.2,10.74.59.254,10.74.59.1,10,74,59
SV,10.74.60.0/24,10.74.60.2,10.74.60.254,10.74.60.1,10,74,60
SV,10.74.61.0/24,10.74.61.2,10.74.61.254,10.74.61.1,10,74,61
SV,10.74.62.0/24,10.74.62.2,10.74.62.254,10.74.62.1,10,74,62
SV,10.74.63.0/24,10.74.63.2,10.74.63.254,10.74.63.1,10,74,63
SV,10.74.64.0/24,10.74.64.2,10.74.64.254,10.74.64.1,10,74,64
SV,10.74.65.0/24,10.74.65.2,10.74.65.254,10.74.65.1,10,74,65
SV,10.74.66.0/24,10.74.66.2,10.74.66.254,10.74.66.1,10,74,66
SV,10.74.67.0/24,10.74.67.2,10.74.67.254,10.74.67.1,10,74,67
SV,10.74.68.0/24,10.74.68.2,10.74.68.254,10.74.68.1,10,74,68
SV,10.74.69.0/24,10.74.69.2,10.74.69.254,10.74.69.1,10,74,69
SV,10.74.70.0/24,10.74.70.2,10.74.70.254,10.74.70.1,10,74,70
SV,10.74.71.0/24,10.74.71.2,10.74.71.254,10.74.71.1,10,74,71
SV,10.74.72.0/24,10.74.72.2,10.74.72.254,10.74.72.1,10,74,72
SV,10.74.73.0/24,10.74.73.2,10.74.73.254,10.74.73.1,10,74,73
SV,10.74.74.0/24,10.74.74.2,10.74.74.254,10.74.74.1,10,74,74
SV,10.74.75.0/24,10.74.75.2,10.74.75.254,10.74.75.1,10,74,75
SV,10.74.76.0/24,10.74.76.2,10.74.76.254,10.74.76.1,10,74,76
SV,10.74.77.0/24,10.74.77.2,10.74.77.254,10.74.77.1,10,74,77
SV,10.74.78.0/24,10.74.78.2,10.74.78.254,10.74.78.1,10,74,78
SV,10.74.79.0/24,10.74.79.2,10.74.79.254,10.74.79.1,10,74,79
SV,10.74.80.0/24,10.74.80.2,10.74.80.254,10.74.80.1,10,74,80
SV,10.74.81.0/24,10.74.81.2,10.74.81.254,10.74.81.1,10,74,81
SV,10.74.82.0/24,10.74.82.2,10.74.82.254,10.74.82.1,10,74,82
SV,10.74.83.0/24,10.74.83.2,10.74.83.254,10.74.83.1,10,74,83
SV,10.74.84.0/24,10.74.84.2,10.74.84.254,10.74.84.1,10,74,84
SV,10.74.85.0/24,10.74.85.2,10.74.85.254,10.74.85.1,10,74,85
SV,10.74.86.0/24,10.74.86.2,10.74.86.254,10.74.86.1,10,74,86
SV,10.74.87.0/24,10.74.87.2,10.74.87.254,10.74.87.1,10,74,87
SV,10.74.88.0/24,10.74.88.2,10.74.88.254,10.74.88.1,10,74,88
SV,10.74.89.0/24,10.74.89.2,10.74.89.254,10.74.89.1,10,74,89
SV,10.74.90.0/24,10.74.90.2,10.74.90.254,10.74.90.1,10,74,90
SV,10.74.91.0/24,10.74.91.2,10.74.91.254,10.74.91.1,10,74,91
SV,10.74.92.0/24,10.74.92.2,10.74.92.254,10.74.92.1,10,74,92
SV,10.74.93.0/24,10.74.93.2,10.74.93.254,10.74.93.1,10,74,93
SV,10.74.94.0/24,10.74.94.2,10.74.94.254,10.74.94.1,10,74,94
SV,10.74.95.0/24,10.74.95.2,10.74.95.254,10.74.95.1,10,74,95
SV,10.74.96.0/24,10.74.96.2,10.74.96.254,10.74.96.1,10,74,96
SV,10.74.97.0/24,10.74.97.2,10.74.97.254,10.74.97.1,10,74,97
SV,10.74.98.0/24,10.74.98.2,10.74.98.254,10.74.98.1,10,74,98
SV,10.74.99.0/24,10.74.99.2,10.74.99.254,10.74.99.1,10,74,99
SV,10.74.100.0/24,10.74.100.2,10.74.100.254,10.74.100.1,10,74,100
SV,10.74.101.0/24,10.74.101.2,10.74.101.254,10.74.101.1,10,74,101
SV,10.74.102.0/24,10.74.102.2,10.74.102.254,10.74.102.1,10,74,102
SV,10.74.103.0/24,10.74.103.2,10.74.103.254,10.74.103.1,10,74,103
SV,10.74.104.0/24,10.74.104.2,10.74.104.254,10.74.104.1,10,74,104
SV,10.74.105.0/24,10.74.105.2,10.74.105.254,10.74.105.1,10,74,105
SV,10.74.106.0/24,10.74.106.2,10.74.106.254,10.74.106.1,10,74,106
SV,10.74.107.0/24,10.74.107.2,10.74.107.254,10.74.107.1,10,74,107
SV,10.74.108.0/24,10.74.108.2,10.74.108.254,10.74.108.1,10,74,108
SV,10.74.109.0/24,10.74.109.2,10.74.109.254,10.74.109.1,10,74,109
SV,10.74.110.0/24,10.74.110.2,10.74.110.254,10.74.110.1,10,74,110
SV,10.74.111.0/24,10.74.111.2,10.74.111.254,10.74.111.1,10,74,111
SV,10.74.112.0/24,10.74.112.2,10.74.112.254,10.74.112.1,10,74,112
SV,10.74.113.0/24,10.74.113.2,10.74.113.254,10.74.113.1,10,74,113
SV,10.74.114.0/24,10.74.114.2,10.74.114.254,10.74.114.1,10,74,114
SV,10.74.115.0/24,10.74.115.2,10.74.115.254,10.74.115.1,10,74,115
SV,10.74.116.0/24,10.74.116.2,10.74.116.254,10.74.116.1,10,74,116
SV,10.74.117.0/24,10.74.117.2,10.74.117.254,10.74.117.1,10,74,117
SV,10.74.118.0/24,10.74.118.2,10.74.118.254,10.74.118.1,10,74,118
SV,10.74.119.0/24,10.74.119.2,10.74.119.254,10.74.119.1,10,74,119
SV,10.74.120.0/24,10.74.120.2,10.74.120.254,10.74.120.1,10,74,120
SV,10.74.121.0/24,10.74.121.2,10.74.121.254,10.74.121.1,10,74,121
SV,10.74.122.0/24,10.74.122.2,10.74.122.254,10.74.122.1,10,74,122
SV,10.74.123.0/24,10.74.123.2,10.74.123.254,10.74.123.1,10,74,123
SV,10.74.124.0/24,10.74.124.2,10.74.124.254,10.74.124.1,10,74,124
SV,10.74.125.0/24,10.74.125.2,10.74.125.254,10.74.125.1,10,74,125
SV,10.74.126.0/24,10.74.126.2,10.74.126.254,10.74.126.1,10,74,126
SV,10.74.127.0/24,10.74.127.2,10.74.127.254,10.74.127.1,10,74,127
SV,10.74.128.0/24,10.74.128.2,10.74.128.254,10.74.128.1,10,74,128
SV,10.74.129.0/24,10.74.129.2,10.74.129.254,10.74.129.1,10,74,129
SV,10.74.130.0/24,10.74.130.2,10.74.130.254,10.74.130.1,10,74,130
SV,10.74.131.0/24,10.74.131.2,10.74.131.254,10.74.131.1,10,74,131
SV,10.74.132.0/24,10.74.132.2,10.74.132.254,10.74.132.1,10,74,132
SV,10.74.133.0/24,10.74.133.2,10.74.133.254,10.74.133.1,10,74,133
SV,10.74.134.0/24,10.74.134.2,10.74.134.254,10.74.134.1,10,74,134
SV,10.74.135.0/24,10.74.135.2,10.74.135.254,10.74.135.1,10,74,135
SV,10.74.136.0/24,10.74.136.2,10.74.136.254,10.74.136.1,10,74,136
SV,10.74.137.0/24,10.74.137.2,10.74.137.254,10.74.137.1,10,74,137
SV,10.74.138.0/24,10.74.138.2,10.74.138.254,10.74.138.1,10,74,138
SV,10.74.139.0/24,10.74.139.2,10.74.139.254,10.74.139.1,10,74,139
SV,10.74.140.0/24,10.74.140.2,10.74.140.254,10.74.140.1,10,74,140
SV,10.74.141.0/24,10.74.141.2,10.74.141.254,10.74.141.1,10,74,141
SV,10.74.142.0/24,10.74.142.2,10.74.142.254,10.74.142.1,10,74,142
SV,10.74.143.0/24,10.74.143.2,10.74.143.254,10.74.143.1,10,74,143
SV,10.74.144.0/24,10.74.144.2,10.74.144.254,10.74.144.1,10,74,144
SV,10.74.145.0/24,10.74.145.2,10.74.145.254,10.74.145.1,10,74,145
SV,10.74.146.0/24,10.74.146.2,10.74.146.254,10.74.146.1,10,74,146
SV,10.74.147.0/24,10.74.147.2,10.74.147.254,10.74.147.1,10,74,147
SV,10.74.148.0/24,10.74.148.2,10.74.148.254,10.74.148.1,10,74,148
SV,10.74.149.0/24,10.74.149.2,10.74.149.254,10.74.149.1,10,74,149
SV,10.74.150.0/24,10.74.150.2,10.74.150.254,10.74.150.1,10,74,150
SV,10.74.151.0/24,10.74.151.2,10.74.151.254,10.74.151.1,10,74,151
SV,10.74.152.0/24,10.74.152.2,10.74.152.254,10.74.152.1,10,74,152
SV,10.74.153.0/24,10.74.153.2,10.74.153.254,10.74.153.1,10,74,153
SV,10.74.154.0/24,10.74.154.2,10.74.154.254,10.74.154.1,10,74,154
SV,10.74.155.0/24,10.74.155.2,10.74.155.254,10.74.155.1,10,74,155
SV,10.74.156.0/24,10.74.156.2,10.74.156.254,10.74.156.1,10,74,156
SV,10.74.157.0/24,10.74.157.2,10.74.157.254,10.74.157.1,10,74,157
SV,10.74.158.0/24,10.74.158.2,10.74.158.254,10.74.158.1,10,74,158
SV,10.74.159.0/24,10.74.159.2,10.74.159.254,10.74.159.1,10,74,159
SV,10.74.160.0/24,10.74.160.2,10.74.160.254,10.74.160.1,10,74,160
SV,10.74.161.0/24,10.74.161.2,10.74.161.254,10.74.161.1,10,74,161
SV,10.74.162.0/24,10.74.162.2,10.74.162.254,10.74.162.1,10,74,162
SV,10.74.163.0/24,10.74.163.2,10.74.163.254,10.74.163.1,10,74,163
SV,10.74.164.0/24,10.74.164.2,10.74.164.254,10.74.164.1,10,74,164
SV,10.74.165.0/24,10.74.165.2,10.74.165.254,10.74.165.1,10,74,165
SV,10.74.166.0/24,10.74.166.2,10.74.166.254,10.74.166.1,10,74,166
SV,10.74.167.0/24,10.74.167.2,10.74.167.254,10.74.167.1,10,74,167
SV,10.74.168.0/24,10.74.168.2,10.74.168.254,10.74.168.1,10,74,168
SV,10.74.169.0/24,10.74.169.2,10.74.169.254,10.74.169.1,10,74,169
SV,10.74.170.0/24,10.74.170.2,10.74.170.254,10.74.170.1,10,74,170
SV,10.74.171.0/24,10.74.171.2,10.74.171.254,10.74.171.1,10,74,171
SV,10.74.172.0/24,10.74.172.2,10.74.172.254,10.74.172.1,10,74,172
SV,10.74.173.0/24,10.74.173.2,10.74.173.254,10.74.173.1,10,74,173
SV,10.74.174.0/24,10.74.174.2,10.74.174.254,10.74.174.1,10,74,174
SV,10.74.175.0/24,10.74.175.2,10.74.175.254,10.74.175.1,10,74,175
SV,10.74.176.0/24,10.74.176.2,10.74.176.254,10.74.176.1,10,74,176
SV,10.74.177.0/24,10.74.177.2,10.74.177.254,10.74.177.1,10,74,177
SV,10.74.178.0/24,10.74.178.2,10.74.178.254,10.74.178.1,10,74,178
SV,10.74.179.0/24,10.74.179.2,10.74.179.254,10.74.179.1,10,74,179
SV,10.74.180.0/24,10.74.180.2,10.74.180.254,10.74.180.1,10,74,180
SV,10.74.181.0/24,10.74.181.2,10.74.181.254,10.74.181.1,10,74,181
SV,10.74.182.0/24,10.74.182.2,10.74.182.254,10.74.182.1,10,74,182
SV,10.74.183.0/24,10.74.183.2,10.74.183.254,10.74.183.1,10,74,183
SV,10.74.184.0/24,10.74.184.2,10.74.184.254,10.74.184.1,10,74,184
SV,10.74.185.0/24,10.74.185.2,10.74.185.254,10.74.185.1,10,74,185
SV,10.74.186.0/24,10.74.186.2,10.74.186.254,10.74.186.1,10,74,186
SV,10.74.187.0/24,10.74.187.2,10.74.187.254,10.74.187.1,10,74,187
SV,10.74.188.0/24,10.74.188.2,10.74.188.254,10.74.188.1,10,74,188
SV,10.74.189.0/24,10.74.189.2,10.74.189.254,10.74.189.1,10,74,189
SV,10.74.190.0/24,10.74.190.2,10.74.190.254,10.74.190.1,10,74,190
SV,10.74.191.0/24,10.74.191.2,10.74.191.254,10.74.191.1,10,74,191
SV,10.74.192.0/24,10.74.192.2,10.74.192.254,10.74.192.1,10,74,192
SV,10.74.193.0/24,10.74.193.2,10.74.193.254,10.74.193.1,10,74,193
SV,10.74.194.0/24,10.74.194.2,10.74.194.254,10.74.194.1,10,74,194
SV,10.74.195.0/24,10.74.195.2,10.74.195.254,10.74.195.1,10,74,195
SV,10.74.196.0/24,10.74.196.2,10.74.196.254,10.74.196.1,10,74,196
SV,10.74.197.0/24,10.74.197.2,10.74.197.254,10.74.197.1,10,74,197
SV,10.74.198.0/24,10.74.198.2,10.74.198.254,10.74.198.1,10,74,198
SV,10.74.199.0/24,10.74.199.2,10.74.199.254,10.74.199.1,10,74,199
SV,10.74.200.0/24,10.74.200.2,10.74.200.254,10.74.200.1,10,74,200
SV,10.74.201.0/24,10.74.201.2,10.74.201.254,10.74.201.1,10,74,201
SV,10.74.202.0/24,10.74.202.2,10.74.202.254,10.74.202.1,10,74,202
SV,10.74.203.0/24,10.74.203.2,10.74.203.254,10.74.203.1,10,74,203
SV,10.74.204.0/24,10.74.204.2,10.74.204.254,10.74.204.1,10,74,204
SV,10.74.205.0/24,10.74.205.2,10.74.205.254,10.74.205.1,10,74,205
SV,10.74.206.0/24,10.74.206.2,10.74.206.254,10.74.206.1,10,74,206
SV,10.74.207.0/24,10.74.207.2,10.74.207.254,10.74.207.1,10,74,207
SV,10.74.208.0/24,10.74.208.2,10.74.208.254,10.74.208.1,10,74,208
SV,10.74.209.0/24,10.74.209.2,10.74.209.254,10.74.209.1,10,74,209
SV,10.74.210.0/24,10.74.210.2,10.74.210.254,10.74.210.1,10,74,210
SV,10.74.211.0/24,10.74.211.2,10.74.211.254,10.74.211.1,10,74,211
SV,10.74.212.0/24,10.74.212.2,10.74.212.254,10.74.212.1,10,74,212
SV,10.74.213.0/24,10.74.213.2,10.74.213.254,10.74.213.1,10,74,213
SV,10.74.214.0/24,10.74.214.2,10.74.214.254,10.74.214.1,10,74,214
SV,10.74.215.0/24,10.74.215.2,10.74.215.254,10.74.215.1,10,74,215
SV,10.74.216.0/24,10.74.216.2,10.74.216.254,10.74.216.1,10,74,216
SV,10.74.217.0/24,10.74.217.2,10.74.217.254,10.74.217.1,10,74,217
SV,10.74.218.0/24,10.74.218.2,10.74.218.254,10.74.218.1,10,74,218
SV,10.74.219.0/24,10.74.219.2,10.74.219.254,10.74.219.1,10,74,219
SV,10.74.220.0/24,10.74.220.2,10.74.220.254,10.74.220.1,10,74,220
SV,10.74.221.0/24,10.74.221.2,10.74.221.254,10.74.221.1,10,74,221
SV,10.74.222.0/24,10.74.222.2,10.74.222.254,10.74.222.1,10,74,222
SV,10.74.223.0/24,10.74.223.2,10.74.223.254,10.74.223.1,10,74,223
SV,10.74.224.0/24,10.74.224.2,10.74.224.254,10.74.224.1,10,74,224
SV,10.74.225.0/24,10.74.225.2,10.74.225.254,10.74.225.1,10,74,225
SV,10.74.226.0/24,10.74.226.2,10.74.226.254,10.74.226.1,10,74,226
SV,10.74.227.0/24,10.74.227.2,10.74.227.254,10.74.227.1,10,74,227
SV,10.74.228.0/24,10.74.228.2,10.74.228.254,10.74.228.1,10,74,228
SV,10.74.229.0/24,10.74.229.2,10.74.229.254,10.74.229.1,10,74,229
SV,10.74.230.0/24,10.74.230.2,10.74.230.254,10.74.230.1,10,74,230
SV,10.74.231.0/24,10.74.231.2,10.74.231.254,10.74.231.1,10,74,231
SV,10.74.232.0/24,10.74.232.2,10.74.232.254,10.74.232.1,10,74,232
SV,10.74.233.0/24,10.74.233.2,10.74.233.254,10.74.233.1,10,74,233
SV,10.74.234.0/24,10.74.234.2,10.74.234.254,10.74.234.1,10,74,234
SV,10.74.235.0/24,10.74.235.2,10.74.235.254,10.74.235.1,10,74,235
SV,10.74.236.0/24,10.74.236.2,10.74.236.254,10.74.236.1,10,74,236
SV,10.74.237.0/24,10.74.237.2,10.74.237.254,10.74.237.1,10,74,237
SV,10.74.238.0/24,10.74.238.2,10.74.238.254,10.74.238.1,10,74,238
SV,10.74.239.0/24,10.74.239.2,10.74.239.254,10.74.239.1,10,74,239
SV,10.74.240.0/24,10.74.240.2,10.74.240.254,10.74.240.1,10,74,240
SV,10.74.241.0/24,10.74.241.2,10.74.241.254,10.74.241.1,10,74,241
SV,10.74.242.0/24,10.74.242.2,10.74.242.254,10.74.242.1,10,74,242
SV,10.74.243.0/24,10.74.243.2,10.74.243.254,10.74.243.1,10,74,243
SV,10.74.244.0/24,10.74.244.2,10.74.244.254,10.74.244.1,10,74,244
SV,10.74.245.0/24,10.74.245.2,10.74.245.254,10.74.245.1,10,74,245
SV,10.74.246.0/24,10.74.246.2,10.74.246.254,10.74.246.1,10,74,246
SV,10.74.247.0/24,10.74.247.2,10.74.247.254,10.74.247.1,10,74,247
SV,10.74.248.0/24,10.74.248.2,10.74.248.254,10.74.248.1,10,74,248
SV,10.74.249.0/24,10.74.249.2,10.74.249.254,10.74.249.1,10,74,249
SV,10.74.250.0/24,10.74.250.2,10.74.250.254,10.74.250.1,10,74,250
SV,10.74.251.0/24,10.74.251.2,10.74.251.254,10.74.251.1,10,74,251
SV,10.74.252.0/24,10.74.252.2,10.74.252.254,10.74.252.1,10,74,252
SV,10.74.253.0/24,10.74.253.2,10.74.253.254,10.74.253.1,10,74,253
SV,10.74.254.0/24,10.74.254.2,10.74.254.254,10.74.254.1,10,74,254
